null, Keep Your Eyes Peeled, Queens Of The Stone Age, ...Like Clockwork, 1, 2013
null, I Sat By The Ocean, Queens Of The Stone Age, ...Like Clockwork, 2, 2013
null, The Vampyre Of Time And Memory, Queens Of The Stone Age, ...Like Clockwork, 3, 2013
null, If I Had A Tail, Queens Of The Stone Age, ...Like Clockwork, 4, 2013
null, My God Is The Sun, Queens Of The Stone Age, ...Like Clockwork, 5, 2013
null, Kalopsia, Queens Of The Stone Age, ...Like Clockwork, 6, 2013
null, Fairweather Friends, Queens Of The Stone Age, ...Like Clockwork, 7, 2013
null, Smooth Sailing, Queens Of The Stone Age, ...Like Clockwork, 8, 2013
null, I Appear Missing, Queens Of The Stone Age, ...Like Clockwork, 9, 2013
null, Like Clockwork, Queens Of The Stone Age, ...Like Clockwork, 10, 2013

